{"is_source_file": true, "format": "Python", "description": "This file generates and saves the OpenAPI schema to a JSON file for the API defined in the application.", "external_files": ["src/api/main"], "external_methods": ["app.openapi"], "published": [], "classes": [], "methods": [], "calls": ["app.openapi", "os.makedirs", "os.path.join", "json.dump"], "search-terms": ["generate_openapi", "OpenAPI schema", "api schema export"], "state": 2, "file_id": 1, "knowledge_revision": 8, "git_revision": "82b45569413fe1c042975a9eb18852897302e9f3", "ctags": [{"_type": "tag", "name": "openapi_schema", "path": "/home/kavia/workspace/code-generation/recipe-explorer-319653-319662/recipe_backend/src/api/generate_openapi.py", "pattern": "/^openapi_schema = app.openapi()$/", "language": "Python", "kind": "variable"}, {"_type": "tag", "name": "output_dir", "path": "/home/kavia/workspace/code-generation/recipe-explorer-319653-319662/recipe_backend/src/api/generate_openapi.py", "pattern": "/^output_dir = \"interfaces\"$/", "language": "Python", "kind": "variable"}, {"_type": "tag", "name": "output_path", "path": "/home/kavia/workspace/code-generation/recipe-explorer-319653-319662/recipe_backend/src/api/generate_openapi.py", "pattern": "/^output_path = os.path.join(output_dir, \"openapi.json\")$/", "language": "Python", "kind": "variable"}], "hash": "61e3715e79bc397fab3e70f503a41417", "format-version": 4, "code-base-name": "recipe_backend", "filename": "recipe_backend/src/api/generate_openapi.py", "fields": [{"name": "openapi_schema = app.openapi()", "scope": "", "scopeKind": "", "description": "unavailable"}, {"name": "output_dir = \"interfaces\"", "scope": "", "scopeKind": "", "description": "unavailable"}, {"name": "output_path = os.path.join(output_dir, \"openapi.json\")", "scope": "", "scopeKind": "", "description": "unavailable"}], "revision_history": [{"8": "82b45569413fe1c042975a9eb18852897302e9f3"}]}