{"is_source_file": true, "format": "Python", "description": "This file sets up a FastAPI web application, including middleware for CORS support, and defines a health check endpoint at the root URL.", "external_files": ["fastapi", "fastapi.middleware.cors"], "external_methods": ["FastAPI", "CORSMiddleware", "app.add_middleware", "@app.get"], "published": ["app"], "classes": [], "methods": [{"name": "health_check()", "description": "A simple endpoint that returns a JSON message indicating the server is healthy.", "scope": "", "scopeKind": ""}], "calls": ["app.add_middleware", "CORSMiddleware", "app.get"], "search-terms": ["FastAPI", "CORS", "health check", "middleware", "root endpoint", "main.py"], "state": 2, "file_id": 2, "knowledge_revision": 9, "git_revision": "82b45569413fe1c042975a9eb18852897302e9f3", "ctags": [{"_type": "tag", "name": "app", "path": "/home/kavia/workspace/code-generation/recipe-explorer-319653-319662/recipe_backend/src/api/main.py", "pattern": "/^app = FastAPI()$/", "language": "Python", "kind": "variable"}, {"_type": "tag", "name": "health_check", "path": "/home/kavia/workspace/code-generation/recipe-explorer-319653-319662/recipe_backend/src/api/main.py", "pattern": "/^def health_check():$/", "language": "Python", "kind": "function", "signature": "()"}], "hash": "58352bf5f133908bab16643199aa483d", "format-version": 4, "code-base-name": "recipe_backend", "filename": "recipe_backend/src/api/main.py", "fields": [{"name": "app = FastAPI()", "scope": "", "scopeKind": "", "description": "unavailable"}], "revision_history": [{"9": "82b45569413fe1c042975a9eb18852897302e9f3"}]}